title,company,location,link
라인프렌즈 2022년 각 부문 수시,라인프렌즈,서울 용산구,https://kr.indeed.com/applystart?jk=1015284880e2ff62
"Student Researcher Intern, 2022",Google,서울,https://kr.indeed.com/applystart?jk=6dd48f3771d01215
파이썬 개발자 - Python Developer,axxessio GmbH,,https://kr.indeed.com/applystart?jk=6fa799897d8ef951
한국필립모리스 2022년 상반기 수시,한국필립모리스㈜,서울 영등포구,https://kr.indeed.com/applystart?jk=44e9ac7f0f94e784
System Engineer,비바리퍼블리카,서울 강남구,https://kr.indeed.com/applystart?jk=954f6da7c4562a6f
한국거래소 2022년도 경력직원,한국거래소,서울 영등포구,https://kr.indeed.com/applystart?jk=6a7446eb57ad8e77
ML Engineer (토스뱅크),비바리퍼블리카,서울 강남구,https://kr.indeed.com/applystart?jk=409e704f526c34c4
"Software Engineering Intern, 2022",구글코리아,서울 강남구,https://kr.indeed.com/applystart?jk=1e052c5f8de98657
2022년 공개경쟁(정규직),한국탄소산업진흥원,전주 덕진구,https://kr.indeed.com/applystart?jk=9be89625b0100282
각 부문별,Siemens Ltd. Seoul,서울 서대문구,https://kr.indeed.com/applystart?jk=dbbd8128c4949d62
각 부문별,십일번가,서울 중구,https://kr.indeed.com/applystart?jk=b773011b209ae03b
Game Data Analyst (FPS),오피지지,서울 강남구,https://kr.indeed.com/applystart?jk=d2e02683e82fab25
[NAVER Z] 데이터 엔지니어,네이버제트,성남 분당구,https://kr.indeed.com/applystart?jk=50028daa2c74bdc3
[NAVER Cloud] MLOps 서비스 개발,네이버클라우드,성남 분당구,https://kr.indeed.com/applystart?jk=17c50785be44d4af
2022년 신입사원,사단법인 손해보험협회,서울 종로구,https://kr.indeed.com/applystart?jk=94e6192637a26fa9
코딩에 빠진 수퍼 개발자 (펌웨어 개발),에바,성남 수정구,https://kr.indeed.com/applystart?jk=f54bac6c78fd3240
"Student Researcher Intern, 2022",구글코리아,서울 강남구,https://kr.indeed.com/applystart?jk=19bec8e9df6b4192
2022년 메타버스 아카데미 1기 교육생,한국전파진흥협회,성남 분당구,https://kr.indeed.com/applystart?jk=4a678bc862e55348
데이터 사이언티스트(Data Scientist) 영입,카카오페이,성남 분당구,https://kr.indeed.com/applystart?jk=80c449eb2d596bf2
침해사고대응 담당자 영입,카카오페이,성남 분당구,https://kr.indeed.com/applystart?jk=95989d1216966de1
각 부문별,KB데이타시스템,서울 마포구,https://kr.indeed.com/applystart?jk=42a2aede5f0d0880
각 부문별,네이버제트,성남 분당구,https://kr.indeed.com/applystart?jk=ca86fbbb2d63efd3
Software Engineer,구글코리아,서울 강남구,https://kr.indeed.com/applystart?jk=2b6c8e2c63278cc6
Search Engineer (Engineering),비바리퍼블리카,서울 강남구,https://kr.indeed.com/applystart?jk=3c26431dd458393e
업계 최고 대우로 파이썬(Python) 개발자,쿼드마이너,서울 강남구,https://kr.indeed.com/applystart?jk=fd736b3d390a2112
[CA] 딥러닝 엔지니어,한국카카오은행,성남 분당구,https://kr.indeed.com/applystart?jk=7664ec0854db97d0
[CA] 웹 스크래핑 엔지니어,한국카카오은행,성남 분당구,https://kr.indeed.com/applystart?jk=734bfe53052d832c
각 부문별,직방,서울 종로구,https://kr.indeed.com/applystart?jk=89fab436b9d0fd20
[클라우드플랫폼실] System Engineering팀 클라우드 엔지니어,야놀자,서울 강남구,https://kr.indeed.com/applystart?jk=4ae5eb5bb613a826
Data Scientist (토스신용데이터),비바리퍼블리카,서울 강남구,https://kr.indeed.com/applystart?jk=f1751259fa682ac4
[신용리스크모델링] 개인/개인사업자 신용평가모형 개발 및 운영 담당자,한국카카오은행,성남 분당구,https://kr.indeed.com/applystart?jk=1aaf77e69d97391e
Software Engineer,Google,서울,https://kr.indeed.com/applystart?jk=e7c8c2b11f24fb43
[NICE평가정보]상반기 신입/경력 직원 수시,나이스평가정보,서울 영등포구,https://kr.indeed.com/applystart?jk=af67b6d514cf9a63
[R&D] 모션컨트롤 개발자,오스템임플란트,서울 강서구,https://kr.indeed.com/applystart?jk=c28d28468b9f4751
[LX세미콘] 2022년 4월 경력사원,엘엑스세미콘,대전 유성구,https://kr.indeed.com/applystart?jk=2023ab73de6a2e7b
Quantitative Research Intern,WorldQuant,서울,https://kr.indeed.com/applystart?jk=4a0a7b36dbc554f9
Cloud 침해대응 담당자 영입,카카오페이증권,성남 분당구,https://kr.indeed.com/applystart?jk=7a4d36bc7f3f95f2
LG이노텍,신입,경기도 안산,https://kr.indeed.com/applystart?jk=a5a3826ede9914f7
Data Analyst,KidsLoop,서울,https://kr.indeed.com/applystart?jk=804087ce50438552
2022년 디알텍(주) 신입/경력,디알텍,성남 중원구,https://kr.indeed.com/applystart?jk=7b11ea3e872bda6d
System Engineer (토스뱅크),비바리퍼블리카,서울 강남구,https://kr.indeed.com/applystart?jk=7a143ee7bc78baf2
개발품질보증,고영테크놀러지,용인 수지구,https://kr.indeed.com/applystart?jk=f6065479065ff1ad
Data Engineering 분야 전문가/개발자,에스케이텔레콤,서울 중구,https://kr.indeed.com/applystart?jk=e7b657db4a6471c3
2022년 새일직업교육훈련 교육생,용산여성인력개발센터,서울 용산구,https://kr.indeed.com/applystart?jk=fbed10c0a508a8b7
Data Engineer 신입사원,플리토,서울 강남구,https://kr.indeed.com/applystart?jk=5ab0b45dfa93411b
2022년 1기 하이테크(심화모듈) 과정,한국폴리텍대학분당융합기술교육원,성남 분당구,https://kr.indeed.com/applystart?jk=7a8db8b6b903491d
기술 인턴 인공지능 응용 연구/개발 인턴,써로마인드로보틱스,서울 관악구,https://kr.indeed.com/applystart?jk=71c47ac87bb4087e
Software Engineer,Maxim Integrated,서울,https://kr.indeed.com/applystart?jk=0699e6dbb5a0ec38
[HYBE] 데이터분석,하이브,서울 용산구,https://kr.indeed.com/applystart?jk=444cf80dd61163ec
Cloud Engineer,IBM,서울,https://kr.indeed.com/applystart?jk=ec153542ee906593
디지털 미디어 매니저(퍼포먼스&브랜딩) 신입/경력,스스스스,서울 서초구,https://kr.indeed.com/applystart?jk=4d6fa0f1b9726d7c
지능형 RPA 시스템 개발(AA) / 5개월,스피링크,서울 용산구,https://kr.indeed.com/applystart?jk=82671bbf13700760
[유통 대기업] Business Analyst(비지니스분석가) 과차장급,에이치알니즈,서울,https://kr.indeed.com/applystart?jk=0e25160b5a1d095f
백엔드 플랫폼 개발 유지보수,아프리카TV,경기도 성남,https://kr.indeed.com/applystart?jk=c9c00cea70ae8711
"[Robotics] Robotics Software Engineer, Navigation",네이버,서울,https://kr.indeed.com/applystart?jk=f21952a2d7a0bfd8
가상자산 트레이딩 / 시스템 개발자,블록투리얼,서울 강남구,https://kr.indeed.com/applystart?jk=c04680232735292a
"Software Engineer, Robotics",Bear Robotics,서울,https://kr.indeed.com/applystart?jk=0e27c7fc87609143
머신러닝 Integration 담당자 영입,캐롯,서울 중구,https://kr.indeed.com/applystart?jk=3401d79fd1673757
CRM 및 마케팅 데이터분석 담당자 - 국내 대기업 계열사,라피플코리아리미티드,서울,https://kr.indeed.com/applystart?jk=7fe0c284fbf4045f
GC케어 Data 분석,녹십자헬스케어,서울 영등포구,https://kr.indeed.com/applystart?jk=9fd7d0b3fa3b58b3
Business Analyst,Riiid Labs,서울,https://kr.indeed.com/applystart?jk=00e7d36364ce7f69
2022년 상반기 IT 경력사원 모집,한화그룹,서울,https://kr.indeed.com/applystart?jk=a94cf0834846a087
클라우드(플랫폼 구축/개발/데이터수집연계),KB데이타시스템,서울 마포구,https://kr.indeed.com/applystart?jk=21f6f6ad0d0e6a83
인사분야 신입사원 모집,GS칼텍스,서울 역삼동,https://kr.indeed.com/applystart?jk=d39d5624bfcc6b01
[진행중] 우리은행 AI사업부 전문직(인공지능[AI] 모델링 자연어처리) 채용공고,우리은행,서울 회현동,https://kr.indeed.com/applystart?jk=e66ee4c95785e5f9
MLOps 플랫폼 연구/개발 경력 모집,CJ올리브네트웍스,성남 서현동,https://kr.indeed.com/applystart?jk=e826dc59c8a17403
[컨트롤웍스] 제어엔지니어 신입,컨트롤웍스,서울 강남구,https://kr.indeed.com/applystart?jk=32998063886b0d27
Automotive Sensor Fusion Algorithm Engineer,Aptiv,경기도 용인,https://kr.indeed.com/applystart?jk=7270438128650729
5. 인프라개발팀 백엔드 개발자,카카오브이엑스 (KAKAO VX),성남 분당구,https://kr.indeed.com/applystart?jk=7fcdf82ed7bae9a6
11번가 금융플랫폼 Back-End Server 개발 분야,십일번가,서울 중구,https://kr.indeed.com/applystart?jk=0bd104f8eca830fc
하반기 인턴직 모집,한솔그룹,서울 을지로2가,https://kr.indeed.com/applystart?jk=2f56d4b70c1df086
"클라우드 엔지니어(과장/대리), 국내 TOP 제약회사 홀딩스 지주회사(분당/수지지역)",코어포인트,성남 분당구,https://kr.indeed.com/applystart?jk=b19b647862878216
"Software Engineer, Platforms and Ecosystems, Android Auto",Google,서울,https://kr.indeed.com/applystart?jk=e8125ec0d7029bdc
[NAVER Cloud] 리눅스 배포판 개발,네이버클라우드,성남 분당구,https://kr.indeed.com/applystart?jk=636cf4be726ad126
[NAVER Cloud] Video Conference 서비스 개발,네이버클라우드,성남 분당구,https://kr.indeed.com/applystart?jk=436bc3264cfed041
"백엔드, Python 외 경력 정규직",아토머스,서울 강남구,https://kr.indeed.com/applystart?jk=f6a0cd3f6af36d15
차세대 AAA 게임 테크니컬 아티스트 모집,엔씨소프트,성남 판교역,https://kr.indeed.com/applystart?jk=29d73657ca6b2a36
AI Research Engineer,Intel,서울,https://kr.indeed.com/applystart?jk=1bc6c09051f1d591
파이썬 개발자 초중급 이상,데이터앤솔루션,서울 서초구,https://kr.indeed.com/applystart?jk=d158e683dc0b7500
Data Engineer (Platform) (토스증권),비바리퍼블리카,서울 강남구,https://kr.indeed.com/applystart?jk=23ea3391cd662a39
Data Engineer (Platform),비바리퍼블리카,서울 강남구,https://kr.indeed.com/applystart?jk=df6d5a56e0066765
빅데이터분석 수시 채용,HK이노엔,서울 을지로2가,https://kr.indeed.com/applystart?jk=cd919aed133f6b4d
한국전자금융 상반기 각 부문 신입/경력 직원,한국전자금융,서울,https://kr.indeed.com/applystart?jk=462ea9adf9404994
프론트엔드 및 백엔드 개발자,서우엠에스,서울 영등포구,https://kr.indeed.com/applystart?jk=e08531531c0e7e1e
AI/Machine Learning 컨설턴트,삼일pwc컨설팅,서울 용산구,https://kr.indeed.com/applystart?jk=af725950cbacee18
22년(상) 경력직 (3차),두산로보틱스,성남 분당구,https://kr.indeed.com/applystart?jk=754db485a2ecf01d
AI 모빌리티 서비스의 미래 함께 열어갈 우수한 인재 찾습니다.,라온로드,성남 분당구,https://kr.indeed.com/applystart?jk=5133adebeb209d23
마케팅팀 블록체인 기반 서비스 개발자,카카오브이엑스 (KAKAO VX),성남 분당구,https://kr.indeed.com/applystart?jk=0d3e6cc3ce3e54f5
Mid-level Software Engineer (Full-Stack Backend),BOEING,서울,https://kr.indeed.com/applystart?jk=81acb2a4e44f99a4
SFE Specialist,Organon,서울,https://kr.indeed.com/applystart?jk=ed4e171436d176fb
Cloud Solution Engineer,Oracle,서울,https://kr.indeed.com/applystart?jk=96d018fa9dd246d6
"Technical Solutions Manager, gTech Customer Experience",구글코리아,서울 강남구,https://kr.indeed.com/applystart?jk=b2ed60aaacd764a4
D-lab 팀원 모집,이지스자산운용,서울 여의도,https://kr.indeed.com/applystart?jk=48c56fc0745c828e
(3200만이상/분당)만도연구소 소프트웨어 개발/검증 연구보조,휴먼앤,성남 분당구,https://kr.indeed.com/applystart?jk=84610059d3552ef1
[NAVER Cloud] MongoDB 데이터베이스 엔지니어 (DBA),네이버클라우드,성남 분당구,https://kr.indeed.com/applystart?jk=faafa09d354f88a8
[OK 인베스트먼트파트너스] 경력사원 채용,OK금융그룹,서울 남대문로4가,https://kr.indeed.com/applystart?jk=64c06f893d6af9ce
Data Scientist,KB데이타시스템,서울 마포구,https://kr.indeed.com/applystart?jk=76f6a702c7c3c2d4
Software Engineer for R&D Extension Korea,어플라이드 머티리얼즈 코리아,경기도 화성,https://kr.indeed.com/applystart?jk=cb7cb300ab37c8bf
SW 분야 상시 채용,한화그룹,서울,https://kr.indeed.com/applystart?jk=ff65b0301d703f24
웹시스템 및 솔루션 분야 프로그래머 및 웹퍼블리셔,위더스이십일,서울 금천구,https://kr.indeed.com/applystart?jk=8e60094702b4fe05
Technical Program Manager,Sendbird,서울,https://kr.indeed.com/applystart?jk=076d00b48bde05cc
AI 알고리즘 엔지니어 계약직 담당자 모집,케이씨텍,안성 미양면,https://kr.indeed.com/applystart?jk=e0430ed35ccdf06f
Data Engineer_Eng,Riiid Labs,서울,https://kr.indeed.com/applystart?jk=a5868277027bf920
Sr. Growth Marketer,Soomgo,서울 강남구,https://kr.indeed.com/applystart?jk=6627b4f411ba052e
해석부문 신입사원 추가 공개채용,자트코코리아엔지니어링..,서울 가산동,https://kr.indeed.com/applystart?jk=181991cb8750cd55
[DB금융투자] 2021년 하반기 신입사원 모집,DB그룹,서울 대치동,https://kr.indeed.com/applystart?jk=109c5533ffdaaa84
Application developer - Back-end 개발자,코그넷나인,서울 서초구,https://kr.indeed.com/applystart?jk=941fd0afb9dafc39
[스타랩스] 웹개발(JAVA) 경력 정규직,스타랩스,서울 강남구,https://kr.indeed.com/applystart?jk=95552c6a816f23c9
데이터 소프트웨어 엔지니어,데브시스터즈,서울 강남구,https://kr.indeed.com/applystart?jk=d3386d57c10facce
[NIT Service] 네이버 파이낸셜 플랫폼 운영,엔아이티서비스,성남 분당구,https://kr.indeed.com/applystart?jk=1961a1ecccb03336
데이터 사이언티스트 (Data Scientist),뱅크샐러드,서울 영등포구,https://kr.indeed.com/applystart?jk=9112477616587345
Senior Technical Consultant,ServiceNow,서울,https://kr.indeed.com/applystart?jk=f045a215b4514cfd
Technical Solutions Engineer,Media.Monks,서울,https://kr.indeed.com/applystart?jk=6a8ea2bf3ecb6973
[경력] 광고 시스템 개발 / CJ ENM 엔터테인먼트부문,CJ ENM,서울 마포구,https://kr.indeed.com/applystart?jk=462301b6bcc10e07
[카카오맵] 검색/추천 개발자를 모집합니다.,카카오,성남 판교역,https://kr.indeed.com/applystart?jk=ffb9d0a26c1bf207
[취업연계] AI 클라우드/메타버스 영상인식 교육생,부산정보기술협회,부산,https://kr.indeed.com/applystart?jk=6463e7d8d2f98552
네트워크 보안 담당자 채용,케이뱅크은행,서울 중학동,https://kr.indeed.com/applystart?jk=65d17e4704beb445
ML Engineer_Eng,Riiid Labs,서울,https://kr.indeed.com/applystart?jk=9ab9e1640fdc64d5
"[보충역]웹 프로그래머 및 웹엔지니어, APP개발(신입/경력)",서울소프트,충청북도 충주,https://kr.indeed.com/applystart?jk=5a4a1f8761e54359
System Engineer 분야 모집,11번가,서울 남대문로5가,https://kr.indeed.com/applystart?jk=dbed337776725715
검색데브옵스 담당자 모집,다나와,서울 목동,https://kr.indeed.com/applystart?jk=934a93d1545789ee
빅데이터 처리 시스템 개발 분야 모집,11번가,서울 남대문로5가,https://kr.indeed.com/applystart?jk=31edd9dddd20799e
[진행중] 우리은행 AI사업부 전문직(인공지능[AI] 모델링 알고리즘) 채용공고,우리은행,서울 회현동,https://kr.indeed.com/applystart?jk=8f9425f0f370259f
8퍼센트 경력 개발자,8퍼센트,서울 종로구,https://kr.indeed.com/applystart?jk=464ef95516a5fa5c
(주)미디어엠플러스 개발자,미디어엠플러스,서울,https://kr.indeed.com/applystart?jk=36f0c8e045743b95
[램플코딩학원] 온오프라인 코딩 강사,밸류에잇 벤처스,대전 서구,https://kr.indeed.com/applystart?jk=3415a2ec10f41d98
[JW홀딩스] Data Engineer 수시채용,JW그룹,서울 서초동,https://kr.indeed.com/applystart?jk=585e54eafeecb8bd
[무료교육/연계] 서울시 지원 에너지효율화 교육생,사단법인 한국이엠에스협회,서울 구로구,https://kr.indeed.com/applystart?jk=c474cab56fc7b810
[TOAST CAM] AI 개발,NHN] [TOAST CAM,성남 판교역,https://kr.indeed.com/applystart?jk=55e2f1523d6bd078
IoT 기기 및 네트워크 취약점 점검 개발자,노르마,서울 성동구,https://kr.indeed.com/applystart?jk=1b3ad64e7a39c01a
셀프 인테리어 위한 AI 플랫폼 서비스 개발자,서르,성남 분당구,https://kr.indeed.com/applystart?jk=0a57a69a13126ff5
소프트웨어 교육/개발자 (블록체인),엘리스,서울 강남구,https://kr.indeed.com/applystart?jk=0e51abecc7e6437f
8퍼센트 개발자 (신입/경력),8퍼센트,서울 종로구,https://kr.indeed.com/applystart?jk=8af26b37623864c4
10월 Backend 개발 경력 공채,11번가,서울 남대문로5가,https://kr.indeed.com/applystart?jk=1f1726be215da368
[자동차 전장부품 우량대기업] Security ASDL 경력인재,에스에프인촌,서울,https://kr.indeed.com/applystart?jk=ace714015f92367d
소프트웨어 개발 경력자,토페스,경기도 남양주,https://kr.indeed.com/applystart?jk=74c00bd61c8c5d51
[TES물류기술연구소] 센터운영 시뮬레이션 분석/설계 경력사원,씨제이대한통운,서울 중구,https://kr.indeed.com/applystart?jk=bdacf4acb6587265
"빅데이터연구소 경력 직원 모집(DBA, GIS분석, 부동산DB연구)",부동산114,성남 삼평동,https://kr.indeed.com/applystart?jk=d74f2a9064a25a6a
SW개발 및 기술지원 직원 (개발),포유시스템즈,서울 서초구,https://kr.indeed.com/applystart?jk=da6961799d9ea0da
Cloud Support Engineer - Development & Mobile Services,Amazon Web Services Korea LLC,서울,https://kr.indeed.com/applystart?jk=108a418d540fa064
Brand Sales Specialist- Data & AI,한국아이비엠,서울 영등포구,https://kr.indeed.com/applystart?jk=07f26faa3376d585
Digital Twin PC Application developer wanted,벡터시스,용인 수지구,https://kr.indeed.com/applystart?jk=085caa7979fac726
디펜스솔루션사업본부 사원 모집[RAM 분석],현대로템,서울 양재동,https://kr.indeed.com/applystart?jk=c36da1ccfc81eb77
PharmCADD 2021년 상반기 R&D센터 연구원 공개,팜캐드,서울 강남구,https://kr.indeed.com/applystart?jk=0ff2c43b1e2621a5
네이버 파이낸셜 플랫폼 운영,NIT Service,성남 서현동,https://kr.indeed.com/applystart?jk=b3a6c83c9debcb92
SOFTWARE ENGINEER - BACKEND,"ODK Media, Inc.",서울 강남구,https://kr.indeed.com/applystart?jk=cd2787e06a0e5ec5
"Customer Solutions Engineer, Global Client and Agency Soluti...",Google,서울,https://kr.indeed.com/applystart?jk=fb8f5764cdbe3c39
리스크관리팀 신입/경력직원 모집,유안타증권,서울 을지로2가,https://kr.indeed.com/applystart?jk=39df24bec144e783
"Technical Solutions Engineer, Wear OS",Google,서울,https://kr.indeed.com/applystart?jk=53de1cfd4e334982
Application Support Specialist - Associate (Technology),Morgan Stanley,서울,https://kr.indeed.com/applystart?jk=910894269cf12c51
